algo,seed,episode,avg_jct,makespan,utilization,num_jobs
sjf,0,0,321831.75,11962737,0.0303653395898089,8
fcfs,0,0,2248941.60627178,14970717,0.249630442836219,287
first_fit,0,0,2248941.60627178,14970717,0.249630442836219,287
sac_eval_seed0,0,0,4558926.50726552,19707061,0.470217596481934,757
