algo,seed,episode,avg_jct,makespan,utilization,num_jobs
sac_eval_seed0,0,0,874722.8363101605,21532091.0,0.478961480265499,18700
first_fit_seed0,0,0,1288550.4811320754,21527557.0,0.4432550849658815,18550
fcfs_seed0,0,0,1288550.4811320754,21527557.0,0.4432550849658815,18550
sjf_seed0,0,0,689.5625,10254077.0,7.40297876500384e-05,16
