priority,count,mean,median,std,min,max
1.0,1927,7685.096004151531,1024.0,23058.133502509318,23.0,521660.0
5.0,1330,72884.87518796993,887.5,776231.005335365,17.0,12475901.0
