priority,count,mean,median,std,min,max
2.5,2,783.1304571398063,783.1304571398063,145.5071611011077,680.2413568140096,886.0195574656029
5.0,327,8961.668797212309,8885.215454205703,4891.590673797274,29.705332797312934,17309.788579171356
