priority,count,mean,median,std,min,max
1.0,1927,7685.094966268812,1024.0,23058.14126874223,23.0,521660.0
5.0,1330,72884.87669172933,887.5,776231.005211205,17.0,12475901.0
