algo,seed,episode,avg_jct,makespan,utilization,num_jobs
sac_eval_seed0,0,0,18999.2927683976,15902090,0.00431051268822436,18834
fcfs_eval_seed0,0,0,220.349128745142,14999919,0.0036050801817187,15954
first_fit_eval_seed0,0,0,220.349128745142,14999919,0.0036050801817187,15954
sjf_eval_seed0,0,0,216.054316059591,14611100,0.00317351436334607,14029
